baseline_trainable_loss,baseline_trainable_lrap,baseline_trainable_ndcg,baseline_fixed_loss,baseline_fixed_lrap,baseline_fixed_ndcg,infused_trainable_loss,infused_trainable_lrap,infused_trainable_ndcg,infused_fixed_loss,infused_fixed_lrap,infused_fixed_ndcg
2.4230678306628706,0.779647230100918,0.831697211166624,2.193851950854191,0.7843384039598306,0.836210910649865,2.806032333251233,0.7563018950023727,0.8137216658582281,2.8615474496276594,0.7717469551229392,0.8251197330527617
