baseline_trainable_loss,baseline_trainable_lrap,baseline_trainable_ndcg,baseline_fixed_loss,baseline_fixed_lrap,baseline_fixed_ndcg,infused_trainable_loss,infused_trainable_lrap,infused_trainable_ndcg,infused_fixed_loss,infused_fixed_lrap,infused_fixed_ndcg
2.0782658767290894,0.7787079271511599,0.8339854732476383,2.1775486418106014,0.7848986747299062,0.8372264323238935,5.787090968676391,0.7772087892560774,0.8300417321049147,2.472356412543759,0.7745159750107645,0.827114549351657
