baseline_trainable_loss,baseline_trainable_lrap,baseline_trainable_ndcg,baseline_fixed_loss,baseline_fixed_lrap,baseline_fixed_ndcg,infused_trainable_loss,infused_trainable_lrap,infused_trainable_ndcg,infused_fixed_loss,infused_fixed_lrap,infused_fixed_ndcg
2.2238539810344387,0.7873278663691891,0.8386612076607044,2.34460200772265,0.7826165858097546,0.8347899889912586,2.9899956443279088,0.7731589528817463,0.8261653484219945,3.354724430730926,0.7600614190927678,0.8175766242890321
2.0583818480692195,0.7989939843272251,0.8472301940805277,2.244517795006093,0.7916630874120567,0.8420701915487312,2.478862216032626,0.7717636412254715,0.8258799606404653,3.2291003511698975,0.7555802493117406,0.8142638126110695
2.209622489536269,0.7818599800740057,0.8346107728876232,2.2463078447677547,0.7848512449328989,0.8388696247529098,2.7524245788099426,0.7591745998874354,0.8176511977056173,2.540430251109242,0.7756766373221534,0.8319210539925539
2.3200860811405426,0.7853685422700244,0.8372771364131195,2.2562833548615417,0.7837764157328471,0.8372093888663864,2.741962897419418,0.7774766327485463,0.8320887780036992,2.7343871849289267,0.7595284206906469,0.8188862137982886
2.1363383106919316,0.7810428226873155,0.8341526389969023,2.2459580816424456,0.7753922723497815,0.829264600055696,2.806456421577879,0.7586948787552004,0.8151456529093882,3.2184464532418313,0.7549545308286565,0.8135342627539249
